<?xml version="1.0" ?>
<jobSummary archiveFilename="/home/marian/github/pyatsTraining/homeworks/magurmarian/hw02/archive/19-Jan/job.2019Jan20_12:30:46.002329.zip" atsTreePath="/home/marian/.pyenv/versions/3.6.8/envs/pyatsENV3.6.8">
  <jobName>job</jobName>
  <image/>
  <aborted>0</aborted>
  <passed>0</passed>
  <passx>0</passx>
  <failed>0</failed>
  <blocked>0</blocked>
  <skipped>0</skipped>
  <errored>4</errored>
  <unknown>0</unknown>
  <never_ran>0</never_ran>
  <total>4</total>
  <success_rate>0.0</success_rate>
  <starttime>2019-01-20T12:30:47</starttime>
  <stoptime>2019-01-20T12:30:48</stoptime>
  <runtime>00:00:01</runtime>
  <testbed/>
  <release/>
  <submitter>marian</submitter>
  <debugProfile>0</debugProfile>
  <host>ubuntu</host>
</jobSummary>
