<?xml version="1.0" ?>
<jobSummary archiveFilename="/home/marian/github/pyatsTraining/homeworks/magurmarian/hw02/archive/19-Jan/job.2019Jan20_12:59:59.000579.zip" atsTreePath="/home/marian/.pyenv/versions/3.6.8/envs/pyatsENV3.6.8">
  <jobName>job</jobName>
  <image/>
  <aborted>0</aborted>
  <passed>3</passed>
  <passx>0</passx>
  <failed>1</failed>
  <blocked>0</blocked>
  <skipped>0</skipped>
  <errored>0</errored>
  <unknown>0</unknown>
  <never_ran>0</never_ran>
  <total>4</total>
  <success_rate>75.0</success_rate>
  <starttime>2019-01-20T13:00:00</starttime>
  <stoptime>2019-01-20T13:00:01</stoptime>
  <runtime>00:00:01</runtime>
  <testbed/>
  <release/>
  <submitter>marian</submitter>
  <debugProfile>0</debugProfile>
  <host>ubuntu</host>
</jobSummary>
